<?xml version="1.0" encoding="UTF-8"?>
<metadata xml:lang="en"><Esri><CreaDate>20241007</CreaDate><CreaTime>08535800</CreaTime><ArcGISFormat>1.0</ArcGISFormat><SyncOnce>TRUE</SyncOnce><DataProperties><lineage><Process ToolSource="c:\program files\arcgis\pro\Resources\ArcToolbox\Toolboxes\Data Management Tools.tbx\Rename" Date="20241007" Time="085358">Rename "C:\Users\edelmel1\UNC Charlotte Dropbox\Eric Delmelle\VUB\AccessToParks\data-codes\brussels_nodes.shp" "C:\Users\edelmel1\UNC Charlotte Dropbox\Eric Delmelle\VUB\AccessToParks\data-codes\brussels_walk_nodes.shp" ShapeFile</Process></lineage></DataProperties></Esri></metadata>
