<?xml version="1.0" encoding="UTF-8"?>
<metadata xml:lang="en"><Esri><CreaDate>20241007</CreaDate><CreaTime>08523100</CreaTime><ArcGISFormat>1.0</ArcGISFormat><SyncOnce>TRUE</SyncOnce><DataProperties><lineage><Process ToolSource="c:\program files\arcgis\pro\Resources\ArcToolbox\Toolboxes\Data Management Tools.tbx\Rename" Date="20241007" Time="085231">Rename "C:\Users\edelmel1\UNC Charlotte Dropbox\Eric Delmelle\VUB\AccessToParks\data-codes\brussels_edges.shp" "C:\Users\edelmel1\UNC Charlotte Dropbox\Eric Delmelle\VUB\AccessToParks\data-codes\brussels_walk_edges.shp" ShapeFile</Process></lineage></DataProperties></Esri></metadata>
